accuracy,precision,recall,f1,tp,tn,fp,fn,threshold,model,compression_rate,avg_query_latency_ms
0.9988833333333333,0.9994993825718386,0.9982666666666666,0.9988826442973167,59896,59970,30,104,0.7999999999999999,bigru-deeplsh,0.999984,533.9765248999981
