{
  "results_dir": "./artifacts/cicids/results/full_500k",
  "top_k": 10,
  "sample_limit": 10,
  "baseline_metrics_csv": "./artifacts/cicids/results/full_500k/cicids_baseline_metrics.csv",
  "bigru_metrics_csv": "./artifacts/cicids/results/full_500k/cicids_bigru_metrics.csv",
  "best_model": {
    "accuracy": 0.9988833333333333,
    "precision": 0.9994993825718386,
    "recall": 0.9982666666666666,
    "f1": 0.9988826442973167,
    "tp": 59896,
    "tn": 59970,
    "fp": 30,
    "fn": 104,
    "model": "bigru-deeplsh",
    "threshold": 0.7999999999999999,
    "compression_rate": 0.999984,
    "avg_query_latency_ms": 533.9765248999981
  }
}