accuracy,precision,recall,f1,tp,tn,fp,fn,model,threshold,compression_rate,avg_query_latency_ms
0.6209666666666667,1.0,0.24193333333333333,0.38960760105212305,14516,60000,0,45484,exact-md5,1.0,0.918718,0.0
0.7200166666666666,0.707915957915958,0.7491166666666667,0.7279337932821559,44947,41455,18545,15053,simhash,0.65,0.919476,305.6777251000028
0.91005,0.9152124751071657,0.9038333333333334,0.9094873127945394,54230,54976,5024,5770,baseline-mlp,0.8999999999999999,0.902612,73.9392376000012
